1,aaa,1111,Bigender,520-372-3846,wdafydd0@booking.com
2,bbb,2222,Female,664-284-9499,sbettleson1@columbia.edu
3,ccc,3333,Bigender,733-923-3842,gjanaway2@oaic.gov.au
4,Wilhelmina,6009,Female,885-776-0233,wswedeland3@hao123.com
5,Barn,2086,Male,720-261-2678,bguyot4@quantcast.com
6,Audy,4175,Female,573-510-0567,agoforth5@sitemeter.com
7,Towney,3177,Male,965-453-2698,therrero6@pen.io
8,Leonanie,1922,Female,375-183-8505,ldenisco7@istockphoto.com
9,Saudra,1752,Female,576-422-0557,scaren8@nbcnews.com
10,Wynnie,9485,Female,372-873-4791,wbremeyer9@chicagotribune.com
11,Leigha,4523,Female,618-165-0569,lwaterwortha@canalblog.com
12,Caitlin,8875,Female,663-559-5677,ctunacliftb@globo.com
13,Barny,9156,Male,906-306-5719,bscaysbrookc@people.com.cn
14,Alecia,1018,Female,504-195-2866,acordovad@hc360.com
15,Isaac,1223,Male,338-199-7391,ivedeshkine@cbc.ca
16,Flin,5064,Male,749-293-9897,fcrewsf@mayoclinic.com
17,Victor,1178,Male,368-222-2233,vdablingg@blog.com
18,Kermit,7117,Male,204-519-9123,kdybellh@ucoz.com
19,Frederigo,3601,Male,517-914-3973,fwalerani@google.com.au
20,Jonell,1192,Genderqueer,985-763-5629,jcartmaelj@theatlantic.com
21,Blithe,3191,Female,258-843-8896,bdemangelk@multiply.com
22,Suzette,9931,Agender,721-974-4599,sjirusekl@google.it
23,Giovanni,6706,Male,206-288-8690,gsaicem@about.me
24,Lorrayne,3190,Female,832-100-9460,ldowningn@usnews.com
25,Hamlin,4815,Male,856-344-4510,hcostaro@mysql.com
26,Agathe,1744,Female,138-619-4493,agoldwaterp@etsy.com
27,Heddi,4882,Female,804-281-0579,hohernq@scribd.com
28,Reube,3007,Male,170-780-9005,rchaser@freewebs.com
29,Rea,3740,Genderfluid,260-620-5591,rtapps@issuu.com
30,Eleonore,1473,Female,314-618-0948,etottiet@theguardian.com
31,Nannette,9518,Female,879-538-7130,nacasteru@tuttocitta.it
32,Arvy,2323,Male,355-109-8747,arosevearv@intel.com
33,Gerry,3600,Male,584-235-1362,gbucknallw@oakley.com
34,Johna,9725,Female,925-672-4006,jholahx@stumbleupon.com
35,Gayel,7969,Female,125-760-0715,gconnealyy@ocn.ne.jp
36,Clemmy,5101,Male,283-539-4420,cmcilwraithz@msu.edu
37,Trula,5919,Female,923-227-2680,tjervis10@youku.com
38,Thorin,7222,Male,310-240-5867,tbeeswing11@cdbaby.com
39,Calli,8298,Female,147-727-8982,cblinerman12@si.edu
40,Doe,8696,Female,274-732-6212,dbarnaclough13@ning.com
41,Germayne,8683,Male,435-110-1273,gwealleans14@weebly.com
42,Annette,3090,Female,881-268-2925,awitling15@ucoz.ru
43,Meade,4709,Female,814-490-9182,mlago16@bizjournals.com
44,Julie,9744,Female,487-456-5362,jbourthoumieux17@behance.net
45,Ignacio,8784,Male,970-605-8130,itedahl18@wikipedia.org
46,Sherm,4102,Male,989-747-6496,sgozzett19@taobao.com
47,Rozella,4897,Female,275-857-4724,rconring1a@dmoz.org
48,Dalt,6955,Male,598-333-0819,dwetton1b@live.com
49,Ryley,9450,Male,935-629-0610,rbirdis1c@bandcamp.com
50,Costa,7965,Male,413-771-0018,cwehner1d@friendfeed.com
51,Harlen,7877,Male,293-886-0940,hvost1e@addtoany.com
52,Farleigh,8084,Male,847-322-8990,fwestcarr1f@addthis.com
53,Melisandra,9116,Female,297-561-7917,mhansbury1g@chronoengine.com
54,Agustin,6335,Male,837-535-5963,aheaker1h@yale.edu
55,Brigit,4730,Female,176-217-4114,brenowden1i@newyorker.com
56,Howie,9403,Male,416-495-3072,hlincke1j@yandex.ru
57,Renee,6204,Female,879-757-1628,rsiemianowicz1k@w3.org
58,Debby,2450,Female,198-142-4637,dscully1l@scribd.com
59,Kristy,4952,Female,441-523-6790,kmorriss1m@yandex.ru
60,Sib,6553,Female,564-359-3006,sblumson1n@usa.gov
61,Raina,8033,Polygender,738-710-0740,rgiroldi1o@google.ru
62,Sela,6572,Female,971-287-1881,sdebney1p@imageshack.us
63,Audie,6041,Female,982-698-0248,amidghall1q@cpanel.net
64,Fawne,6573,Female,455-807-4579,fpegram1r@ebay.com
65,Stephan,1720,Male,962-979-6442,sjarred1s@harvard.edu
66,Audy,4168,Female,608-724-0468,areinmar1t@europa.eu
67,Rosalind,6996,Female,809-535-3578,rargrave1u@github.com
68,Donall,5338,Male,501-422-1004,djerzak1v@unicef.org
69,Shayne,2262,Male,869-622-4283,sgallego1w@dmoz.org
70,Hunfredo,9043,Male,360-281-5613,hluggar1x@ask.com
71,Adina,9989,Female,461-313-8906,akyteley1y@usatoday.com
72,Gar,5096,Male,678-664-0907,geast1z@paginegialle.it
73,Grover,9932,Male,272-174-0363,gsidebottom20@behance.net
74,Ransell,4197,Male,109-731-6838,rhazley21@qq.com
75,Thayne,4539,Male,670-351-7461,taulton22@comsenz.com
76,Dianne,9845,Genderqueer,611-593-3900,dpeartree23@dedecms.com
77,Tootsie,9687,Female,926-681-5877,tquainton24@nbcnews.com
78,Reuben,4184,Male,444-443-4858,rdoughton25@sbwire.com
79,Barnard,4448,Male,430-897-2483,brosenbush26@wp.com
80,Claudette,5317,Female,378-399-0272,cfendlow27@deviantart.com
81,Yolane,5079,Female,721-828-9474,yniezen28@rambler.ru
82,Kristin,3613,Female,784-813-2956,ksivyer29@weebly.com
83,Zandra,5309,Female,567-925-8560,zpowdrell2a@kickstarter.com
84,Mahmoud,5933,Male,987-429-8610,mbertelet2b@state.gov
85,Silvano,6849,Male,734-268-9173,sbalaam2c@netlog.com
86,Sherm,5198,Male,511-153-2297,siwanicki2d@mediafire.com
87,Bert,9134,Male,273-501-9480,bsimkovich2e@i2i.jp
88,Cairistiona,4116,Female,193-543-1130,cstrauss2f@sitemeter.com
89,Tammi,4939,Female,514-821-1288,ttunkin2g@samsung.com
90,Gaylord,8600,Male,806-268-5051,gspraberry2h@theatlantic.com
91,Ulysses,1741,Male,408-854-5597,ulescop2i@homestead.com
92,Niles,9626,Male,171-341-8332,nlisciandri2j@omniture.com
93,Patricio,6733,Male,108-817-5515,pstrudwick2k@princeton.edu
94,Linzy,4253,Female,987-625-5409,lscalera2l@infoseek.co.jp
95,Kendricks,7542,Male,537-896-2129,krowes2m@gov.uk
96,Arman,5946,Male,875-133-3477,aboother2n@newsvine.com
97,Costanza,6226,Female,646-858-1083,cmeharry2o@issuu.com
98,Peadar,3068,Male,617-470-0069,pconnow2p@list-manage.com
99,Sherm,3519,Bigender,111-632-7133,sshurmore2q@washington.edu
100,Ilene,5614,Female,760-654-2809,ibackshill2r@devhub.com
